[
  {
    "id": "8667fc5c-a300-40d0-b752-898c41369cbe",
    "data": [
      {
        "text": "хеллоу",
        "meta": "@sys.location",
        "alias": "location",
        "userDefined": false
      }
    ],
    "isTemplate": false,
    "count": 0,
    "lang": "ru",
    "updated": 0
  },
  {
    "id": "d28ebd14-e78b-4bcc-8b63-33c691f86b2e",
    "data": [
      {
        "text": "хай",
        "meta": "@sys.last-name",
        "alias": "last-name",
        "userDefined": false
      }
    ],
    "isTemplate": false,
    "count": 0,
    "lang": "ru",
    "updated": 0
  },
  {
    "id": "7c0ae768-0700-4437-aaa4-2ebc3e95408c",
    "data": [
      {
        "text": "как дела",
        "userDefined": false
      }
    ],
    "isTemplate": false,
    "count": 0,
    "lang": "ru",
    "updated": 0
  },
  {
    "id": "47eba3a2-9fbf-43ae-9dfd-7df6d6291a54",
    "data": [
      {
        "text": "салют",
        "meta": "@sys.geo-city",
        "alias": "geo-city",
        "userDefined": false
      }
    ],
    "isTemplate": false,
    "count": 0,
    "lang": "ru",
    "updated": 0
  },
  {
    "id": "cca9f5a7-9f74-42cb-90ae-13684c1cd73e",
    "data": [
      {
        "text": "приветствую",
        "userDefined": false
      }
    ],
    "isTemplate": false,
    "count": 0,
    "lang": "ru",
    "updated": 0
  },
  {
    "id": "e691622d-5aca-4070-8b1a-4911668e7f2f",
    "data": [
      {
        "text": "хей",
        "meta": "@sys.last-name",
        "alias": "last-name",
        "userDefined": false
      }
    ],
    "isTemplate": false,
    "count": 0,
    "lang": "ru",
    "updated": 0
  },
  {
    "id": "37f17441-7694-4cab-8ecd-f3fe4e148e06",
    "data": [
      {
        "text": "чао",
        "meta": "@sys.last-name",
        "alias": "last-name",
        "userDefined": false
      }
    ],
    "isTemplate": false,
    "count": 0,
    "lang": "ru",
    "updated": 0
  },
  {
    "id": "5a43b503-ccac-4cf4-a3a1-c959b6401ee4",
    "data": [
      {
        "text": "сап",
        "meta": "@sys.location",
        "alias": "location",
        "userDefined": false
      }
    ],
    "isTemplate": false,
    "count": 0,
    "lang": "ru",
    "updated": 0
  },
  {
    "id": "08297663-0b70-411d-acc6-689cd8bbecff",
    "data": [
      {
        "text": "восап",
        "userDefined": false
      }
    ],
    "isTemplate": false,
    "count": 0,
    "lang": "ru",
    "updated": 0
  },
  {
    "id": "ec057bb3-01d0-4411-9a52-466363720f7d",
    "data": [
      {
        "text": "привет привет",
        "userDefined": false
      }
    ],
    "isTemplate": false,
    "count": 0,
    "lang": "ru",
    "updated": 0
  },
  {
    "id": "5c573901-3ca6-4729-b12f-eed336e18efd",
    "data": [
      {
        "text": "привет",
        "userDefined": false
      }
    ],
    "isTemplate": false,
    "count": 0,
    "lang": "ru",
    "updated": 0
  },
  {
    "id": "d303468a-1a7c-4404-8a36-890290798999",
    "data": [
      {
        "text": "здрасте",
        "userDefined": false
      }
    ],
    "isTemplate": false,
    "count": 0,
    "lang": "ru",
    "updated": 0
  },
  {
    "id": "4e3bbd9d-03e6-4eec-87a3-871432b01f02",
    "data": [
      {
        "text": "Приветствую!",
        "userDefined": false
      }
    ],
    "isTemplate": false,
    "count": 0,
    "lang": "ru",
    "updated": 0
  },
  {
    "id": "e35b7cb1-2eea-44f5-824f-7abea25c3cb2",
    "data": [
      {
        "text": "Добрый день!",
        "userDefined": false
      }
    ],
    "isTemplate": false,
    "count": 0,
    "lang": "ru",
    "updated": 0
  },
  {
    "id": "467cc52d-c0ff-444f-ace5-418e90ac167a",
    "data": [
      {
        "text": "Здравствуйте",
        "meta": "@sys.last-name",
        "alias": "last-name",
        "userDefined": false
      },
      {
        "text": "!",
        "userDefined": false
      }
    ],
    "isTemplate": false,
    "count": 0,
    "lang": "ru",
    "updated": 0
  }
]