[
  {
    "id": "bad3c563-b374-4edf-9e14-be23f056fde1",
    "data": [
      {
        "text": "буду я и муж, хотели бы в ",
        "userDefined": false
      },
      {
        "text": "эту субботу",
        "meta": "@sys.date-time",
        "alias": "date-time",
        "userDefined": false
      }
    ],
    "isTemplate": false,
    "count": 0,
    "lang": "ru",
    "updated": 0
  },
  {
    "id": "39b09035-5c54-42f4-88d0-22f4dc4921e2",
    "data": [
      {
        "text": "нам нужна фотосессия в офисе на ",
        "userDefined": false
      },
      {
        "text": "25 марта",
        "meta": "@sys.date-time",
        "alias": "date-time",
        "userDefined": false
      }
    ],
    "isTemplate": false,
    "count": 0,
    "lang": "ru",
    "updated": 0
  },
  {
    "id": "4a6ead3d-cfb6-4c80-a0fd-e36957c7fd9d",
    "data": [
      {
        "text": "я буду ",
        "userDefined": false
      },
      {
        "text": "один",
        "meta": "@sys.number",
        "alias": "number",
        "userDefined": false
      },
      {
        "text": ", в ",
        "userDefined": false
      },
      {
        "text": "любое",
        "meta": "@sys.last-name",
        "alias": "last-name",
        "userDefined": false
      },
      {
        "text": " время",
        "userDefined": false
      }
    ],
    "isTemplate": false,
    "count": 0,
    "lang": "ru",
    "updated": 0
  },
  {
    "id": "384bcb3f-0c76-497d-984e-3b8e67f98d54",
    "data": [
      {
        "text": "нас будет ",
        "userDefined": false
      },
      {
        "text": "2",
        "meta": "@sys.date-time",
        "alias": "date-time",
        "userDefined": false
      },
      {
        "text": " человека и мне будет удобно на ",
        "userDefined": false
      },
      {
        "text": "4 часа дня",
        "meta": "@sys.date-time",
        "alias": "date-time1",
        "userDefined": false
      }
    ],
    "isTemplate": false,
    "count": 0,
    "lang": "ru",
    "updated": 0
  }
]