[
  {
    "id": "689406bc-be1d-475b-a34e-fa46d797a936",
    "data": [
      {
        "text": "Пофотаться",
        "userDefined": false
      }
    ],
    "isTemplate": false,
    "count": 0,
    "lang": "ru",
    "updated": 0
  },
  {
    "id": "7e6f1d86-c825-424b-8bcf-e2f34c9526f0",
    "data": [
      {
        "text": "Фотосет",
        "userDefined": false
      }
    ],
    "isTemplate": false,
    "count": 0,
    "lang": "ru",
    "updated": 0
  },
  {
    "id": "61c6f8ea-d78a-4046-b5bb-1116b85b9314",
    "data": [
      {
        "text": "Хочу пофоткаться",
        "userDefined": false
      }
    ],
    "isTemplate": false,
    "count": 0,
    "lang": "ru",
    "updated": 0
  },
  {
    "id": "39d66962-9ecb-43d0-9573-f322d4585d75",
    "data": [
      {
        "text": "Меня интересует фотосессия",
        "userDefined": false
      }
    ],
    "isTemplate": false,
    "count": 0,
    "lang": "ru",
    "updated": 0
  },
  {
    "id": "2c2cf4a7-27ac-4f63-b898-2160b7b85a91",
    "data": [
      {
        "text": "Я бы хотел пофотографироваться",
        "userDefined": false
      }
    ],
    "isTemplate": false,
    "count": 0,
    "lang": "ru",
    "updated": 0
  },
  {
    "id": "363b5312-f007-4144-9cfd-09df0b3e83a9",
    "data": [
      {
        "text": "Хочу заказать съемку",
        "userDefined": false
      }
    ],
    "isTemplate": false,
    "count": 0,
    "lang": "ru",
    "updated": 0
  },
  {
    "id": "f6e6e6de-4c43-46a1-be7a-1b2055db983c",
    "data": [
      {
        "text": "Я бы хотел заказать фотосъемку",
        "userDefined": false
      }
    ],
    "isTemplate": false,
    "count": 0,
    "lang": "ru",
    "updated": 0
  }
]