[
  {
    "id": "b997c014-355c-4255-aded-9832b2360040",
    "data": [
      {
        "text": "неа",
        "meta": "@sys.music-artist",
        "alias": "music-artist",
        "userDefined": false
      }
    ],
    "isTemplate": false,
    "count": 0,
    "lang": "ru",
    "updated": 0
  },
  {
    "id": "6a784e2b-7325-4186-b87a-5856286090b4",
    "data": [
      {
        "text": "мне не надо",
        "userDefined": false
      }
    ],
    "isTemplate": false,
    "count": 0,
    "lang": "ru",
    "updated": 0
  },
  {
    "id": "909a52f2-80dc-4c7c-b6fa-f4a9c6bd6dfe",
    "data": [
      {
        "text": "не хочу",
        "userDefined": false
      }
    ],
    "isTemplate": false,
    "count": 0,
    "lang": "ru",
    "updated": 0
  },
  {
    "id": "1b2a334e-79a4-44f3-a227-d580dc072d4b",
    "data": [
      {
        "text": "Нет",
        "userDefined": false
      }
    ],
    "isTemplate": false,
    "count": 0,
    "lang": "ru",
    "updated": 0
  }
]