[
  {
    "id": "afe4fbb4-61b2-48c1-b2d3-eebd8dcf1253",
    "data": [
      {
        "text": "как вы снимаете?",
        "userDefined": false
      }
    ],
    "isTemplate": false,
    "count": 1,
    "lang": "ru",
    "updated": 0
  },
  {
    "id": "1a41e0ac-bff9-409c-9a33-fc1dc66fd232",
    "data": [
      {
        "text": "у вас есть примеры снимков",
        "userDefined": false
      }
    ],
    "isTemplate": false,
    "count": 0,
    "lang": "ru",
    "updated": 0
  },
  {
    "id": "284f54f1-ff84-4a92-b935-878d1febc1fa",
    "data": [
      {
        "text": "интересно посмотреть ваши работы",
        "userDefined": false
      }
    ],
    "isTemplate": false,
    "count": 0,
    "lang": "ru",
    "updated": 0
  },
  {
    "id": "7aea33b9-a134-44b3-bb65-ccb8da70d0e6",
    "data": [
      {
        "text": "где посмотреть портфолио",
        "userDefined": false
      }
    ],
    "isTemplate": false,
    "count": 0,
    "lang": "ru",
    "updated": 0
  },
  {
    "id": "4d9651f1-0e1d-4ad4-9c26-b8c1fd039280",
    "data": [
      {
        "text": "хочу узнать подробнее",
        "userDefined": false
      }
    ],
    "isTemplate": false,
    "count": 0,
    "lang": "ru",
    "updated": 0
  },
  {
    "id": "1b35cf9b-e2f8-4679-b592-91e6097abc8e",
    "data": [
      {
        "text": "мне это больше не интересно",
        "userDefined": false
      }
    ],
    "isTemplate": false,
    "count": 0,
    "lang": "ru",
    "updated": 0
  },
  {
    "id": "a6560625-2670-4663-8fba-3c94348af71d",
    "data": [
      {
        "text": "больше не хочу",
        "userDefined": false
      }
    ],
    "isTemplate": false,
    "count": 0,
    "lang": "ru",
    "updated": 0
  },
  {
    "id": "26973cfd-5747-4a95-9a5d-9e77fcaf7361",
    "data": [
      {
        "text": "я передумал",
        "userDefined": false
      }
    ],
    "isTemplate": false,
    "count": 0,
    "lang": "ru",
    "updated": 0
  },
  {
    "id": "b997c014-355c-4255-aded-9832b2360040",
    "data": [
      {
        "text": "неа",
        "meta": "@sys.music-artist",
        "alias": "music-artist",
        "userDefined": false
      }
    ],
    "isTemplate": false,
    "count": 0,
    "lang": "ru",
    "updated": 0
  },
  {
    "id": "6a784e2b-7325-4186-b87a-5856286090b4",
    "data": [
      {
        "text": "мне не надо",
        "userDefined": false
      }
    ],
    "isTemplate": false,
    "count": 0,
    "lang": "ru",
    "updated": 0
  },
  {
    "id": "909a52f2-80dc-4c7c-b6fa-f4a9c6bd6dfe",
    "data": [
      {
        "text": "не хочу",
        "userDefined": false
      }
    ],
    "isTemplate": false,
    "count": 0,
    "lang": "ru",
    "updated": 0
  },
  {
    "id": "1b2a334e-79a4-44f3-a227-d580dc072d4b",
    "data": [
      {
        "text": "Нет",
        "userDefined": false
      }
    ],
    "isTemplate": false,
    "count": 0,
    "lang": "ru",
    "updated": 0
  }
]