[
  {
    "id": "66df0d3f-4294-4d48-a77f-86a3a6706cb6",
    "data": [
      {
        "text": "Жду с нетерпением",
        "userDefined": false
      }
    ],
    "isTemplate": false,
    "count": 0,
    "lang": "ru",
    "updated": 0
  },
  {
    "id": "82a91f63-6bd7-489f-95da-eb07ec4c4089",
    "data": [
      {
        "text": "Спасибо, до свидания",
        "userDefined": false
      }
    ],
    "isTemplate": false,
    "count": 0,
    "lang": "ru",
    "updated": 0
  },
  {
    "id": "72164039-2318-4a1d-b22f-f767dde7476d",
    "data": [
      {
        "text": "до свидания",
        "userDefined": false
      }
    ],
    "isTemplate": false,
    "count": 0,
    "lang": "ru",
    "updated": 0
  },
  {
    "id": "ec97720f-f269-401a-9070-fcc7b3f7f5a5",
    "data": [
      {
        "text": "всего доброго",
        "userDefined": false
      }
    ],
    "isTemplate": false,
    "count": 0,
    "lang": "ru",
    "updated": 0
  },
  {
    "id": "7a361bb3-0baa-4df8-99bb-78db25d7466c",
    "data": [
      {
        "text": "Благодарю",
        "userDefined": false
      }
    ],
    "isTemplate": false,
    "count": 0,
    "lang": "ru",
    "updated": 0
  },
  {
    "id": "b3ac0ed0-c56a-44eb-9bae-38ea66d7179d",
    "data": [
      {
        "text": "Спасибо",
        "userDefined": false
      }
    ],
    "isTemplate": false,
    "count": 0,
    "lang": "ru",
    "updated": 0
  }
]