[
  {
    "id": "bb51e890-567e-4039-b18e-2c88bada6318",
    "data": [
      {
        "text": "интересно узнать цену",
        "userDefined": false
      }
    ],
    "isTemplate": false,
    "count": 0,
    "lang": "ru",
    "updated": 0
  },
  {
    "id": "e9e3de57-cba1-4194-9771-3861d8b466c7",
    "data": [
      {
        "text": "сколько по ",
        "userDefined": false
      },
      {
        "text": "цене",
        "meta": "@sys.last-name",
        "alias": "last-name",
        "userDefined": false
      }
    ],
    "isTemplate": false,
    "count": 0,
    "lang": "ru",
    "updated": 0
  },
  {
    "id": "590fc300-8101-41d6-97c8-656c8f0da5d4",
    "data": [
      {
        "text": "сколько будет стоить съемка",
        "userDefined": false
      }
    ],
    "isTemplate": false,
    "count": 0,
    "lang": "ru",
    "updated": 0
  },
  {
    "id": "4719e9f4-c0a5-4a5b-9c03-a9b92409d920",
    "data": [
      {
        "text": "Мне интересна стоимость фотосессии",
        "userDefined": false
      }
    ],
    "isTemplate": false,
    "count": 0,
    "lang": "ru",
    "updated": 0
  }
]