[
  {
    "id": "b641c8c2-4eea-4146-9802-2de06e7b2f40",
    "data": [
      {
        "text": "Хочу",
        "userDefined": false
      }
    ],
    "isTemplate": false,
    "count": 0,
    "lang": "ru",
    "updated": 0
  },
  {
    "id": "3ce9922e-cc74-45a3-97a1-de95464310a0",
    "data": [
      {
        "text": "Хотелось бы",
        "userDefined": false
      }
    ],
    "isTemplate": false,
    "count": 0,
    "lang": "ru",
    "updated": 0
  },
  {
    "id": "a7139959-6375-4b61-be1f-4bc6f223d601",
    "data": [
      {
        "text": "Конечно",
        "meta": "@sys.geo-city",
        "alias": "geo-city",
        "userDefined": false
      }
    ],
    "isTemplate": false,
    "count": 0,
    "lang": "ru",
    "updated": 0
  },
  {
    "id": "260fd766-7b0d-4997-a02a-fca64a88b5fa",
    "data": [
      {
        "text": "Да",
        "meta": "@sys.location",
        "alias": "location",
        "userDefined": false
      }
    ],
    "isTemplate": false,
    "count": 0,
    "lang": "ru",
    "updated": 0
  }
]