[
  {
    "id": "c5157b30-dc8c-4f3b-9899-795e8ab650d1",
    "data": [
      {
        "text": "как записаться",
        "userDefined": false
      }
    ],
    "isTemplate": false,
    "count": 0,
    "lang": "ru",
    "updated": 0
  },
  {
    "id": "d2971b37-a660-4cfb-b1f2-539c966dfe16",
    "data": [
      {
        "text": "а как это сделать",
        "userDefined": false
      }
    ],
    "isTemplate": false,
    "count": 0,
    "lang": "ru",
    "updated": 0
  },
  {
    "id": "fc150c11-069f-4882-bac4-6874ab1fa992",
    "data": [
      {
        "text": "было бы неплохо",
        "userDefined": false
      }
    ],
    "isTemplate": false,
    "count": 0,
    "lang": "ru",
    "updated": 0
  },
  {
    "id": "1db0d63b-847f-4f5e-9c7c-4de7b0206e88",
    "data": [
      {
        "text": "хорошо",
        "userDefined": false
      }
    ],
    "isTemplate": false,
    "count": 1,
    "lang": "ru",
    "updated": 0
  },
  {
    "id": "e83cbb76-3a43-4ffd-8b52-27e8e451f8f7",
    "data": [
      {
        "text": "ладно давайте",
        "userDefined": false
      }
    ],
    "isTemplate": false,
    "count": 0,
    "lang": "ru",
    "updated": 0
  },
  {
    "id": "e0f25cbd-9d13-494d-8140-e3cfb3c6186c",
    "data": [
      {
        "text": "давайте",
        "userDefined": false
      }
    ],
    "isTemplate": false,
    "count": 0,
    "lang": "ru",
    "updated": 0
  },
  {
    "id": "f246dd2c-844e-4b04-8af5-81a0c0db6b95",
    "data": [
      {
        "text": "хочу записаться на фотосессию",
        "userDefined": false
      }
    ],
    "isTemplate": false,
    "count": 0,
    "lang": "ru",
    "updated": 0
  },
  {
    "id": "b641c8c2-4eea-4146-9802-2de06e7b2f40",
    "data": [
      {
        "text": "Хочу",
        "userDefined": false
      }
    ],
    "isTemplate": false,
    "count": 0,
    "lang": "ru",
    "updated": 0
  },
  {
    "id": "3ce9922e-cc74-45a3-97a1-de95464310a0",
    "data": [
      {
        "text": "Хотелось бы",
        "userDefined": false
      }
    ],
    "isTemplate": false,
    "count": 0,
    "lang": "ru",
    "updated": 0
  },
  {
    "id": "a7139959-6375-4b61-be1f-4bc6f223d601",
    "data": [
      {
        "text": "Конечно",
        "meta": "@sys.geo-city",
        "alias": "geo-city",
        "userDefined": false
      }
    ],
    "isTemplate": false,
    "count": 0,
    "lang": "ru",
    "updated": 0
  },
  {
    "id": "260fd766-7b0d-4997-a02a-fca64a88b5fa",
    "data": [
      {
        "text": "Да",
        "meta": "@sys.location",
        "alias": "location",
        "userDefined": false
      }
    ],
    "isTemplate": false,
    "count": 0,
    "lang": "ru",
    "updated": 0
  }
]